target,predictor,budget,subset,test_episode_count,eligible_episode_count,eligible_block_count,hit_count,miss_count,hit_rate,miss_rate,hit_rate_ci95_low,hit_rate_ci95_high,compute_candidates,mean_candidates_per_block
strict_hash,repeat_last,1,all,85,84,28310,1763,26547,0.0622748146,0.9377251854,0.0437425539,0.0833433360,28310,1.0000000000
strict_hash,repeat_last,1,intent_change,85,84,21397,0,21397,0.0000000000,1.0000000000,0.0000000000,0.0000000000,21397,1.0000000000
strict_hash,repeat_last,2,all,85,84,28310,1763,26547,0.0622748146,0.9377251854,0.0437425539,0.0833433360,28310,1.0000000000
strict_hash,repeat_last,2,intent_change,85,84,21397,0,21397,0.0000000000,1.0000000000,0.0000000000,0.0000000000,21397,1.0000000000
strict_hash,repeat_last,4,all,85,84,28310,1763,26547,0.0622748146,0.9377251854,0.0437425539,0.0833433360,28310,1.0000000000
strict_hash,repeat_last,4,intent_change,85,84,21397,0,21397,0.0000000000,1.0000000000,0.0000000000,0.0000000000,21397,1.0000000000
strict_hash,global_frequency,1,all,85,84,28310,1066,27244,0.0376545390,0.9623454610,0.0195781913,0.0593339820,28310,1.0000000000
strict_hash,global_frequency,1,intent_change,85,84,21397,55,21342,0.0025704538,0.9974295462,0.0015641249,0.0037382448,21397,1.0000000000
strict_hash,global_frequency,2,all,85,84,28310,2632,25678,0.0929706817,0.9070293183,0.0721089937,0.1153461008,56620,2.0000000000
strict_hash,global_frequency,2,intent_change,85,84,21397,425,20972,0.0198625976,0.9801374024,0.0163028414,0.0236116064,42794,2.0000000000
strict_hash,global_frequency,4,all,85,84,28310,2695,25615,0.0951960438,0.9048039562,0.0745934364,0.1173250520,113240,4.0000000000
strict_hash,global_frequency,4,intent_change,85,84,21397,449,20948,0.0209842501,0.9790157499,0.0174369943,0.0246997522,85588,4.0000000000
strict_hash,markov_1,1,all,85,84,28310,1926,26384,0.0680324974,0.9319675026,0.0488608905,0.0897430288,28310,1.0000000000
strict_hash,markov_1,1,intent_change,85,84,21397,56,21341,0.0026171893,0.9973828107,0.0015956973,0.0038197977,21397,1.0000000000
strict_hash,markov_1,2,all,85,84,28310,2635,25675,0.0930766514,0.9069233486,0.0726025553,0.1152088002,56620,2.0000000000
strict_hash,markov_1,2,intent_change,85,84,21397,422,20975,0.0197223910,0.9802776090,0.0161405031,0.0235299650,42794,2.0000000000
strict_hash,markov_1,4,all,85,84,28310,2719,25591,0.0960438008,0.9039561992,0.0758371988,0.1179389832,113240,4.0000000000
strict_hash,markov_1,4,intent_change,85,84,21397,444,20953,0.0207505725,0.9792494275,0.0171754749,0.0244976035,85588,4.0000000000
strict_hash,markov_history_3,1,all,85,84,28310,1885,26425,0.0665842458,0.9334157542,0.0474166325,0.0882337043,28310,1.0000000000
strict_hash,markov_history_3,1,intent_change,85,84,21397,56,21341,0.0026171893,0.9973828107,0.0015956973,0.0038197977,21397,1.0000000000
strict_hash,markov_history_3,2,all,85,84,28310,2612,25698,0.0922642176,0.9077357824,0.0717749247,0.1143946096,56620,2.0000000000
strict_hash,markov_history_3,2,intent_change,85,84,21397,422,20975,0.0197223910,0.9802776090,0.0161405031,0.0235299650,42794,2.0000000000
strict_hash,markov_history_3,4,all,85,84,28310,2719,25591,0.0960438008,0.9039561992,0.0758371988,0.1179389832,113240,4.0000000000
strict_hash,markov_history_3,4,intent_change,85,84,21397,444,20953,0.0207505725,0.9792494275,0.0171754749,0.0244976035,85588,4.0000000000
intent,repeat_last,1,all,85,84,28310,6913,21397,0.2441893324,0.7558106676,0.2207954715,0.2696144937,28310,1.0000000000
intent,repeat_last,1,intent_change,85,84,21397,0,21397,0.0000000000,1.0000000000,0.0000000000,0.0000000000,21397,1.0000000000
intent,repeat_last,2,all,85,84,28310,6913,21397,0.2441893324,0.7558106676,0.2207954715,0.2696144937,28310,1.0000000000
intent,repeat_last,2,intent_change,85,84,21397,0,21397,0.0000000000,1.0000000000,0.0000000000,0.0000000000,21397,1.0000000000
intent,repeat_last,4,all,85,84,28310,6913,21397,0.2441893324,0.7558106676,0.2207954715,0.2696144937,28310,1.0000000000
intent,repeat_last,4,intent_change,85,84,21397,0,21397,0.0000000000,1.0000000000,0.0000000000,0.0000000000,21397,1.0000000000
intent,global_frequency,1,all,85,84,28310,3472,24838,0.1226421759,0.8773578241,0.1010991829,0.1467795806,28310,1.0000000000
intent,global_frequency,1,intent_change,85,84,21397,1515,19882,0.0708043184,0.9291956816,0.0630497175,0.0789196980,21397,1.0000000000
intent,global_frequency,2,all,85,84,28310,9048,19262,0.3196043801,0.6803956199,0.2923661448,0.3475200370,56620,2.0000000000
intent,global_frequency,2,intent_change,85,84,21397,4343,17054,0.2029723793,0.7970276207,0.1870711897,0.2193237108,42794,2.0000000000
intent,global_frequency,4,all,85,84,28310,10333,17977,0.3649947015,0.6350052985,0.3369996157,0.3935154709,113240,4.0000000000
intent,global_frequency,4,intent_change,85,84,21397,5400,15997,0.2523718278,0.7476281722,0.2334743262,0.2712846183,85588,4.0000000000
intent,markov_1,1,all,85,84,28310,9087,19223,0.3209819852,0.6790180148,0.2980336321,0.3447707012,28310,1.0000000000
intent,markov_1,1,intent_change,85,84,21397,3727,17670,0.1741832967,0.8258167033,0.1623351308,0.1861716606,21397,1.0000000000
intent,markov_1,2,all,85,84,28310,12987,15323,0.4587424938,0.5412575062,0.4343664796,0.4824300492,56620,2.0000000000
intent,markov_1,2,intent_change,85,84,21397,7305,14092,0.3414030004,0.6585969996,0.3136813011,0.3695619681,42794,2.0000000000
intent,markov_1,4,all,85,84,28310,16742,11568,0.5913811374,0.4086188626,0.5676456876,0.6140377050,113240,4.0000000000
intent,markov_1,4,intent_change,85,84,21397,10125,11272,0.4731971772,0.5268028228,0.4448263663,0.5011012701,85588,4.0000000000
intent,markov_history_3,1,all,85,84,28310,8774,19536,0.3099258213,0.6900741787,0.2864201939,0.3335691618,28310,1.0000000000
intent,markov_history_3,1,intent_change,85,84,21397,3697,17700,0.1727812310,0.8272187690,0.1540785344,0.1932570950,21397,1.0000000000
intent,markov_history_3,2,all,85,84,28310,12321,15989,0.4352172377,0.5647827623,0.4090908334,0.4604139045,56620,2.0000000000
intent,markov_history_3,2,intent_change,85,84,21397,6709,14688,0.3135486283,0.6864513717,0.2842921945,0.3430751675,42794,2.0000000000
intent,markov_history_3,4,all,85,84,28310,15904,12406,0.5617802897,0.4382197103,0.5363537886,0.5858524954,113240,4.0000000000
intent,markov_history_3,4,intent_change,85,84,21397,9564,11833,0.4469785484,0.5530214516,0.4176459462,0.4757199853,85588,4.0000000000
